artifact_id,kind,status,source_path,public_path
site-data-assets-data-agenda-progress-agenda-progress-json,site_data_projection,released,assets/data/agenda-progress/agenda-progress.json,/assets/data/agenda-progress/agenda-progress.json
site-data-assets-data-construction-map-construction-map-csv,site_data_projection,released,assets/data/construction-map/construction-map.csv,/assets/data/construction-map/construction-map.csv
site-data-assets-data-construction-map-construction-map-json,site_data_projection,released,assets/data/construction-map/construction-map.json,/assets/data/construction-map/construction-map.json
site-data-assets-data-construction-map-construction-map-ndjson,site_data_projection,released,assets/data/construction-map/construction-map.ndjson,/assets/data/construction-map/construction-map.ndjson
site-data-assets-data-construction-spine-construction-spine-csv,site_data_projection,released,assets/data/construction-spine/construction-spine.csv,/assets/data/construction-spine/construction-spine.csv
site-data-assets-data-construction-spine-construction-spine-json,site_data_projection,released,assets/data/construction-spine/construction-spine.json,/assets/data/construction-spine/construction-spine.json
site-data-assets-data-construction-spine-construction-spine-ndjson,site_data_projection,released,assets/data/construction-spine/construction-spine.ndjson,/assets/data/construction-spine/construction-spine.ndjson
site-data-assets-data-corpus-changelog-corpus-changelog-csv,site_data_projection,released,assets/data/corpus-changelog/corpus-changelog.csv,/assets/data/corpus-changelog/corpus-changelog.csv
site-data-assets-data-corpus-changelog-corpus-changelog-json,site_data_projection,released,assets/data/corpus-changelog/corpus-changelog.json,/assets/data/corpus-changelog/corpus-changelog.json
site-data-assets-data-corpus-changelog-corpus-changelog-ndjson,site_data_projection,released,assets/data/corpus-changelog/corpus-changelog.ndjson,/assets/data/corpus-changelog/corpus-changelog.ndjson
site-data-assets-data-corpus-wave2-calibration-cascade-json,site_data_projection,released,assets/data/corpus-wave2/calibration-cascade.json,/assets/data/corpus-wave2/calibration-cascade.json
site-data-assets-data-corpus-wave2-calibration-cascade-yml,site_data_projection,released,assets/data/corpus-wave2/calibration-cascade.yml,/assets/data/corpus-wave2/calibration-cascade.yml
site-data-assets-data-corpus-wave2-cascade-tiers-json,site_data_projection,released,assets/data/corpus-wave2/cascade-tiers.json,/assets/data/corpus-wave2/cascade-tiers.json
site-data-assets-data-corpus-wave2-cascade-tiers-yml,site_data_projection,released,assets/data/corpus-wave2/cascade-tiers.yml,/assets/data/corpus-wave2/cascade-tiers.yml
site-data-assets-data-corpus-wave2-challenge-responses-json,site_data_projection,released,assets/data/corpus-wave2/challenge-responses.json,/assets/data/corpus-wave2/challenge-responses.json
site-data-assets-data-corpus-wave2-challenge-responses-yml,site_data_projection,released,assets/data/corpus-wave2/challenge-responses.yml,/assets/data/corpus-wave2/challenge-responses.yml
site-data-assets-data-corpus-wave2-challenge-types-json,site_data_projection,released,assets/data/corpus-wave2/challenge-types.json,/assets/data/corpus-wave2/challenge-types.json
site-data-assets-data-corpus-wave2-challenge-types-yml,site_data_projection,released,assets/data/corpus-wave2/challenge-types.yml,/assets/data/corpus-wave2/challenge-types.yml
site-data-assets-data-corpus-wave2-clusters-json,site_data_projection,released,assets/data/corpus-wave2/clusters.json,/assets/data/corpus-wave2/clusters.json
site-data-assets-data-corpus-wave2-clusters-yml,site_data_projection,released,assets/data/corpus-wave2/clusters.yml,/assets/data/corpus-wave2/clusters.yml
site-data-assets-data-corpus-wave2-domain-metadata-json,site_data_projection,released,assets/data/corpus-wave2/domain-metadata.json,/assets/data/corpus-wave2/domain-metadata.json
site-data-assets-data-corpus-wave2-domain-metadata-yml,site_data_projection,released,assets/data/corpus-wave2/domain-metadata.yml,/assets/data/corpus-wave2/domain-metadata.yml
site-data-assets-data-corpus-wave2-domains-json,site_data_projection,released,assets/data/corpus-wave2/domains.json,/assets/data/corpus-wave2/domains.json
site-data-assets-data-corpus-wave2-domains-yml,site_data_projection,released,assets/data/corpus-wave2/domains.yml,/assets/data/corpus-wave2/domains.yml
site-data-assets-data-corpus-wave2-evidence-routes-json,site_data_projection,released,assets/data/corpus-wave2/evidence-routes.json,/assets/data/corpus-wave2/evidence-routes.json
site-data-assets-data-corpus-wave2-evidence-routes-yml,site_data_projection,released,assets/data/corpus-wave2/evidence-routes.yml,/assets/data/corpus-wave2/evidence-routes.yml
site-data-assets-data-corpus-wave2-experiment-programs-json,site_data_projection,released,assets/data/corpus-wave2/experiment-programs.json,/assets/data/corpus-wave2/experiment-programs.json
site-data-assets-data-corpus-wave2-experiment-programs-yml,site_data_projection,released,assets/data/corpus-wave2/experiment-programs.yml,/assets/data/corpus-wave2/experiment-programs.yml
site-data-assets-data-corpus-wave2-experiments-json,site_data_projection,released,assets/data/corpus-wave2/experiments.json,/assets/data/corpus-wave2/experiments.json
site-data-assets-data-corpus-wave2-experiments-yml,site_data_projection,released,assets/data/corpus-wave2/experiments.yml,/assets/data/corpus-wave2/experiments.yml
site-data-assets-data-corpus-wave2-falsification-tiers-json,site_data_projection,released,assets/data/corpus-wave2/falsification-tiers.json,/assets/data/corpus-wave2/falsification-tiers.json
site-data-assets-data-corpus-wave2-falsification-tiers-yml,site_data_projection,released,assets/data/corpus-wave2/falsification-tiers.yml,/assets/data/corpus-wave2/falsification-tiers.yml
site-data-assets-data-corpus-wave2-falsifications-json,site_data_projection,released,assets/data/corpus-wave2/falsifications.json,/assets/data/corpus-wave2/falsifications.json
site-data-assets-data-corpus-wave2-falsifications-yml,site_data_projection,released,assets/data/corpus-wave2/falsifications.yml,/assets/data/corpus-wave2/falsifications.yml
site-data-assets-data-corpus-wave2-fit-space-argument-json,site_data_projection,released,assets/data/corpus-wave2/fit-space-argument.json,/assets/data/corpus-wave2/fit-space-argument.json
site-data-assets-data-corpus-wave2-fit-space-argument-yml,site_data_projection,released,assets/data/corpus-wave2/fit-space-argument.yml,/assets/data/corpus-wave2/fit-space-argument.yml
site-data-assets-data-corpus-wave2-index-json,site_data_projection,released,assets/data/corpus-wave2/index.json,/assets/data/corpus-wave2/index.json
site-data-assets-data-corpus-wave2-index-yml,site_data_projection,released,assets/data/corpus-wave2/index.yml,/assets/data/corpus-wave2/index.yml
site-data-assets-data-corpus-wave2-precision-tiers-json,site_data_projection,released,assets/data/corpus-wave2/precision-tiers.json,/assets/data/corpus-wave2/precision-tiers.json
site-data-assets-data-corpus-wave2-precision-tiers-yml,site_data_projection,released,assets/data/corpus-wave2/precision-tiers.yml,/assets/data/corpus-wave2/precision-tiers.yml
site-data-assets-data-corpus-wave2-prediction-falsification-taxonomy-json,site_data_projection,released,assets/data/corpus-wave2/prediction-falsification-taxonomy.json,/assets/data/corpus-wave2/prediction-falsification-taxonomy.json
site-data-assets-data-corpus-wave2-prediction-falsification-taxonomy-yml,site_data_projection,released,assets/data/corpus-wave2/prediction-falsification-taxonomy.yml,/assets/data/corpus-wave2/prediction-falsification-taxonomy.yml
site-data-assets-data-corpus-wave2-prediction-timing-json,site_data_projection,released,assets/data/corpus-wave2/prediction-timing.json,/assets/data/corpus-wave2/prediction-timing.json
site-data-assets-data-corpus-wave2-prediction-timing-yml,site_data_projection,released,assets/data/corpus-wave2/prediction-timing.yml,/assets/data/corpus-wave2/prediction-timing.yml
site-data-assets-data-corpus-wave2-prediction-types-json,site_data_projection,released,assets/data/corpus-wave2/prediction-types.json,/assets/data/corpus-wave2/prediction-types.json
site-data-assets-data-corpus-wave2-prediction-types-yml,site_data_projection,released,assets/data/corpus-wave2/prediction-types.yml,/assets/data/corpus-wave2/prediction-types.yml
site-data-assets-data-corpus-wave2-predictions-json,site_data_projection,released,assets/data/corpus-wave2/predictions.json,/assets/data/corpus-wave2/predictions.json
site-data-assets-data-corpus-wave2-predictions-yml,site_data_projection,released,assets/data/corpus-wave2/predictions.yml,/assets/data/corpus-wave2/predictions.yml
site-data-assets-data-corpus-wave2-progress-json,site_data_projection,released,assets/data/corpus-wave2/progress.json,/assets/data/corpus-wave2/progress.json
site-data-assets-data-corpus-wave2-progress-yml,site_data_projection,released,assets/data/corpus-wave2/progress.yml,/assets/data/corpus-wave2/progress.yml
site-data-assets-data-corpus-wave2-response-statuses-json,site_data_projection,released,assets/data/corpus-wave2/response-statuses.json,/assets/data/corpus-wave2/response-statuses.json
site-data-assets-data-corpus-wave2-response-statuses-yml,site_data_projection,released,assets/data/corpus-wave2/response-statuses.yml,/assets/data/corpus-wave2/response-statuses.yml
site-data-assets-data-corpus-wave2-result-classifications-json,site_data_projection,released,assets/data/corpus-wave2/result-classifications.json,/assets/data/corpus-wave2/result-classifications.json
site-data-assets-data-corpus-wave2-result-classifications-yml,site_data_projection,released,assets/data/corpus-wave2/result-classifications.yml,/assets/data/corpus-wave2/result-classifications.yml
site-data-assets-data-corpus-wave2-result-statuses-json,site_data_projection,released,assets/data/corpus-wave2/result-statuses.json,/assets/data/corpus-wave2/result-statuses.json
site-data-assets-data-corpus-wave2-result-statuses-yml,site_data_projection,released,assets/data/corpus-wave2/result-statuses.yml,/assets/data/corpus-wave2/result-statuses.yml
site-data-assets-data-corpus-wave2-result-types-json,site_data_projection,released,assets/data/corpus-wave2/result-types.json,/assets/data/corpus-wave2/result-types.json
site-data-assets-data-corpus-wave2-result-types-yml,site_data_projection,released,assets/data/corpus-wave2/result-types.yml,/assets/data/corpus-wave2/result-types.yml
site-data-assets-data-corpus-wave2-results-json,site_data_projection,released,assets/data/corpus-wave2/results.json,/assets/data/corpus-wave2/results.json
site-data-assets-data-corpus-wave2-results-yml,site_data_projection,released,assets/data/corpus-wave2/results.yml,/assets/data/corpus-wave2/results.yml
site-data-assets-data-corpus-wave2-ring-depths-json,site_data_projection,released,assets/data/corpus-wave2/ring-depths.json,/assets/data/corpus-wave2/ring-depths.json
site-data-assets-data-corpus-wave2-ring-depths-yml,site_data_projection,released,assets/data/corpus-wave2/ring-depths.yml,/assets/data/corpus-wave2/ring-depths.yml
site-data-assets-data-corpus-wave2-status-grammars-json,site_data_projection,released,assets/data/corpus-wave2/status-grammars.json,/assets/data/corpus-wave2/status-grammars.json
site-data-assets-data-corpus-wave2-status-grammars-yml,site_data_projection,released,assets/data/corpus-wave2/status-grammars.yml,/assets/data/corpus-wave2/status-grammars.yml
site-data-assets-data-corpus-wave2-structural-challenges-json,site_data_projection,released,assets/data/corpus-wave2/structural-challenges.json,/assets/data/corpus-wave2/structural-challenges.json
site-data-assets-data-corpus-wave2-structural-challenges-yml,site_data_projection,released,assets/data/corpus-wave2/structural-challenges.yml,/assets/data/corpus-wave2/structural-challenges.yml
site-data-assets-data-corpus-wave2-tracking-statuses-json,site_data_projection,released,assets/data/corpus-wave2/tracking-statuses.json,/assets/data/corpus-wave2/tracking-statuses.json
site-data-assets-data-corpus-wave2-tracking-statuses-yml,site_data_projection,released,assets/data/corpus-wave2/tracking-statuses.yml,/assets/data/corpus-wave2/tracking-statuses.yml
site-data-assets-data-corpus-wave2-verification-routes-json,site_data_projection,released,assets/data/corpus-wave2/verification-routes.json,/assets/data/corpus-wave2/verification-routes.json
site-data-assets-data-corpus-wave2-verification-routes-yml,site_data_projection,released,assets/data/corpus-wave2/verification-routes.yml,/assets/data/corpus-wave2/verification-routes.yml
site-data-assets-data-corpus-wave3-construction-motifs-json,site_data_projection,released,assets/data/corpus-wave3/construction-motifs.json,/assets/data/corpus-wave3/construction-motifs.json
site-data-assets-data-corpus-wave3-construction-motifs-yml,site_data_projection,released,assets/data/corpus-wave3/construction-motifs.yml,/assets/data/corpus-wave3/construction-motifs.yml
site-data-assets-data-corpus-wave3-construction-projections-json,site_data_projection,released,assets/data/corpus-wave3/construction-projections.json,/assets/data/corpus-wave3/construction-projections.json
site-data-assets-data-corpus-wave3-construction-projections-yml,site_data_projection,released,assets/data/corpus-wave3/construction-projections.yml,/assets/data/corpus-wave3/construction-projections.yml
site-data-assets-data-corpus-wave3-construction-review-packets-json,site_data_projection,released,assets/data/corpus-wave3/construction-review-packets.json,/assets/data/corpus-wave3/construction-review-packets.json
site-data-assets-data-corpus-wave3-construction-review-packets-yml,site_data_projection,released,assets/data/corpus-wave3/construction-review-packets.yml,/assets/data/corpus-wave3/construction-review-packets.yml
site-data-assets-data-corpus-wave3-construction-steps-json,site_data_projection,released,assets/data/corpus-wave3/construction-steps.json,/assets/data/corpus-wave3/construction-steps.json
site-data-assets-data-corpus-wave3-construction-steps-yml,site_data_projection,released,assets/data/corpus-wave3/construction-steps.yml,/assets/data/corpus-wave3/construction-steps.yml
site-data-assets-data-corpus-wave3-glossary-coverage-json,site_data_projection,released,assets/data/corpus-wave3/glossary-coverage.json,/assets/data/corpus-wave3/glossary-coverage.json
site-data-assets-data-corpus-wave3-glossary-coverage-yml,site_data_projection,released,assets/data/corpus-wave3/glossary-coverage.yml,/assets/data/corpus-wave3/glossary-coverage.yml
site-data-assets-data-corpus-wave3-glossary-domains-json,site_data_projection,released,assets/data/corpus-wave3/glossary-domains.json,/assets/data/corpus-wave3/glossary-domains.json
site-data-assets-data-corpus-wave3-glossary-domains-yml,site_data_projection,released,assets/data/corpus-wave3/glossary-domains.yml,/assets/data/corpus-wave3/glossary-domains.yml
site-data-assets-data-corpus-wave3-glossary-entries-json,site_data_projection,released,assets/data/corpus-wave3/glossary-entries.json,/assets/data/corpus-wave3/glossary-entries.json
site-data-assets-data-corpus-wave3-glossary-entries-yml,site_data_projection,released,assets/data/corpus-wave3/glossary-entries.yml,/assets/data/corpus-wave3/glossary-entries.yml
site-data-assets-data-corpus-wave3-glossary-relation-edges-json,site_data_projection,released,assets/data/corpus-wave3/glossary-relation-edges.json,/assets/data/corpus-wave3/glossary-relation-edges.json
site-data-assets-data-corpus-wave3-glossary-relation-edges-yml,site_data_projection,released,assets/data/corpus-wave3/glossary-relation-edges.yml,/assets/data/corpus-wave3/glossary-relation-edges.yml
site-data-assets-data-corpus-wave3-glossary-sections-json,site_data_projection,released,assets/data/corpus-wave3/glossary-sections.json,/assets/data/corpus-wave3/glossary-sections.json
site-data-assets-data-corpus-wave3-glossary-sections-yml,site_data_projection,released,assets/data/corpus-wave3/glossary-sections.yml,/assets/data/corpus-wave3/glossary-sections.yml
site-data-assets-data-corpus-wave3-graph-adjacency-json,site_data_projection,released,assets/data/corpus-wave3/graph/adjacency.json,/assets/data/corpus-wave3/graph/adjacency.json
site-data-assets-data-corpus-wave3-graph-objects-json,site_data_projection,released,assets/data/corpus-wave3/graph/objects.json,/assets/data/corpus-wave3/graph/objects.json
site-data-assets-data-corpus-wave3-graph-reverse-adjacency-json,site_data_projection,released,assets/data/corpus-wave3/graph/reverse-adjacency.json,/assets/data/corpus-wave3/graph/reverse-adjacency.json
site-data-assets-data-corpus-wave3-graph-edge-types-json,site_data_projection,released,assets/data/corpus-wave3/graph-edge-types.json,/assets/data/corpus-wave3/graph-edge-types.json
site-data-assets-data-corpus-wave3-graph-edge-types-yml,site_data_projection,released,assets/data/corpus-wave3/graph-edge-types.yml,/assets/data/corpus-wave3/graph-edge-types.yml
site-data-assets-data-corpus-wave3-graph-index-json,site_data_projection,released,assets/data/corpus-wave3/graph-index.json,/assets/data/corpus-wave3/graph-index.json
site-data-assets-data-corpus-wave3-graph-index-yml,site_data_projection,released,assets/data/corpus-wave3/graph-index.yml,/assets/data/corpus-wave3/graph-index.yml
site-data-assets-data-corpus-wave3-index-json,site_data_projection,released,assets/data/corpus-wave3/index.json,/assets/data/corpus-wave3/index.json
site-data-assets-data-corpus-wave3-index-yml,site_data_projection,released,assets/data/corpus-wave3/index.yml,/assets/data/corpus-wave3/index.yml
site-data-assets-data-corpus-wave3-monograph-books-json,site_data_projection,released,assets/data/corpus-wave3/monograph-books.json,/assets/data/corpus-wave3/monograph-books.json
site-data-assets-data-corpus-wave3-monograph-books-yml,site_data_projection,released,assets/data/corpus-wave3/monograph-books.yml,/assets/data/corpus-wave3/monograph-books.yml
site-data-assets-data-corpus-wave3-monograph-chapters-json,site_data_projection,released,assets/data/corpus-wave3/monograph-chapters.json,/assets/data/corpus-wave3/monograph-chapters.json
site-data-assets-data-corpus-wave3-monograph-chapters-yml,site_data_projection,released,assets/data/corpus-wave3/monograph-chapters.yml,/assets/data/corpus-wave3/monograph-chapters.yml
site-data-assets-data-corpus-wave3-monograph-parts-json,site_data_projection,released,assets/data/corpus-wave3/monograph-parts.json,/assets/data/corpus-wave3/monograph-parts.json
site-data-assets-data-corpus-wave3-monograph-parts-yml,site_data_projection,released,assets/data/corpus-wave3/monograph-parts.yml,/assets/data/corpus-wave3/monograph-parts.yml
site-data-assets-data-corpus-wave3-registry-book-index-json,site_data_projection,released,assets/data/corpus-wave3/registry-book-index.json,/assets/data/corpus-wave3/registry-book-index.json
site-data-assets-data-corpus-wave3-registry-book-index-yml,site_data_projection,released,assets/data/corpus-wave3/registry-book-index.yml,/assets/data/corpus-wave3/registry-book-index.yml
site-data-assets-data-corpus-wave3-registry-count-model-json,site_data_projection,released,assets/data/corpus-wave3/registry-count-model.json,/assets/data/corpus-wave3/registry-count-model.json
site-data-assets-data-corpus-wave3-registry-count-model-yml,site_data_projection,released,assets/data/corpus-wave3/registry-count-model.yml,/assets/data/corpus-wave3/registry-count-model.yml
site-data-assets-data-corpus-wave3-registry-dependency-index-json,site_data_projection,released,assets/data/corpus-wave3/registry-dependency-index.json,/assets/data/corpus-wave3/registry-dependency-index.json
site-data-assets-data-corpus-wave3-registry-dependency-index-yml,site_data_projection,released,assets/data/corpus-wave3/registry-dependency-index.yml,/assets/data/corpus-wave3/registry-dependency-index.yml
site-data-assets-data-corpus-wave3-registry-object-types-json,site_data_projection,released,assets/data/corpus-wave3/registry-object-types.json,/assets/data/corpus-wave3/registry-object-types.json
site-data-assets-data-corpus-wave3-registry-object-types-yml,site_data_projection,released,assets/data/corpus-wave3/registry-object-types.yml,/assets/data/corpus-wave3/registry-object-types.yml
site-data-assets-data-corpus-wave3-registry-objects-all-json,site_data_projection,released,assets/data/corpus-wave3/registry-objects/all.json,/assets/data/corpus-wave3/registry-objects/all.json
site-data-assets-data-corpus-wave3-registry-objects-book-01-json,site_data_projection,released,assets/data/corpus-wave3/registry-objects/book-01.json,/assets/data/corpus-wave3/registry-objects/book-01.json
site-data-assets-data-corpus-wave3-registry-objects-book-01-yml,site_data_projection,released,assets/data/corpus-wave3/registry-objects/book-01.yml,/assets/data/corpus-wave3/registry-objects/book-01.yml
site-data-assets-data-corpus-wave3-registry-objects-book-02-json,site_data_projection,released,assets/data/corpus-wave3/registry-objects/book-02.json,/assets/data/corpus-wave3/registry-objects/book-02.json
site-data-assets-data-corpus-wave3-registry-objects-book-02-yml,site_data_projection,released,assets/data/corpus-wave3/registry-objects/book-02.yml,/assets/data/corpus-wave3/registry-objects/book-02.yml
site-data-assets-data-corpus-wave3-registry-objects-book-03-json,site_data_projection,released,assets/data/corpus-wave3/registry-objects/book-03.json,/assets/data/corpus-wave3/registry-objects/book-03.json
site-data-assets-data-corpus-wave3-registry-objects-book-03-yml,site_data_projection,released,assets/data/corpus-wave3/registry-objects/book-03.yml,/assets/data/corpus-wave3/registry-objects/book-03.yml
site-data-assets-data-corpus-wave3-registry-objects-book-04-json,site_data_projection,released,assets/data/corpus-wave3/registry-objects/book-04.json,/assets/data/corpus-wave3/registry-objects/book-04.json
site-data-assets-data-corpus-wave3-registry-objects-book-04-yml,site_data_projection,released,assets/data/corpus-wave3/registry-objects/book-04.yml,/assets/data/corpus-wave3/registry-objects/book-04.yml
site-data-assets-data-corpus-wave3-registry-objects-book-05-json,site_data_projection,released,assets/data/corpus-wave3/registry-objects/book-05.json,/assets/data/corpus-wave3/registry-objects/book-05.json
site-data-assets-data-corpus-wave3-registry-objects-book-05-yml,site_data_projection,released,assets/data/corpus-wave3/registry-objects/book-05.yml,/assets/data/corpus-wave3/registry-objects/book-05.yml
site-data-assets-data-corpus-wave3-registry-objects-book-06-json,site_data_projection,released,assets/data/corpus-wave3/registry-objects/book-06.json,/assets/data/corpus-wave3/registry-objects/book-06.json
site-data-assets-data-corpus-wave3-registry-objects-book-06-yml,site_data_projection,released,assets/data/corpus-wave3/registry-objects/book-06.yml,/assets/data/corpus-wave3/registry-objects/book-06.yml
site-data-assets-data-corpus-wave3-registry-objects-book-07-json,site_data_projection,released,assets/data/corpus-wave3/registry-objects/book-07.json,/assets/data/corpus-wave3/registry-objects/book-07.json
site-data-assets-data-corpus-wave3-registry-objects-book-07-yml,site_data_projection,released,assets/data/corpus-wave3/registry-objects/book-07.yml,/assets/data/corpus-wave3/registry-objects/book-07.yml
site-data-assets-data-corpus-wave3-registry-reverse-dependency-index-json,site_data_projection,released,assets/data/corpus-wave3/registry-reverse-dependency-index.json,/assets/data/corpus-wave3/registry-reverse-dependency-index.json
site-data-assets-data-corpus-wave3-registry-reverse-dependency-index-yml,site_data_projection,released,assets/data/corpus-wave3/registry-reverse-dependency-index.yml,/assets/data/corpus-wave3/registry-reverse-dependency-index.yml
site-data-assets-data-corpus-wave3-registry-scope-labels-json,site_data_projection,released,assets/data/corpus-wave3/registry-scope-labels.json,/assets/data/corpus-wave3/registry-scope-labels.json
site-data-assets-data-corpus-wave3-registry-scope-labels-yml,site_data_projection,released,assets/data/corpus-wave3/registry-scope-labels.yml,/assets/data/corpus-wave3/registry-scope-labels.yml
site-data-assets-data-corpus-wave3-taulib-formalization-status-json,site_data_projection,released,assets/data/corpus-wave3/taulib-formalization-status.json,/assets/data/corpus-wave3/taulib-formalization-status.json
site-data-assets-data-corpus-wave3-taulib-formalization-status-yml,site_data_projection,released,assets/data/corpus-wave3/taulib-formalization-status.yml,/assets/data/corpus-wave3/taulib-formalization-status.yml
site-data-assets-data-corpus-wave3-taulib-module-families-json,site_data_projection,released,assets/data/corpus-wave3/taulib-module-families.json,/assets/data/corpus-wave3/taulib-module-families.json
site-data-assets-data-corpus-wave3-taulib-module-families-yml,site_data_projection,released,assets/data/corpus-wave3/taulib-module-families.yml,/assets/data/corpus-wave3/taulib-module-families.yml
site-data-assets-data-corpus-wave3-taulib-modules-json,site_data_projection,released,assets/data/corpus-wave3/taulib-modules.json,/assets/data/corpus-wave3/taulib-modules.json
site-data-assets-data-corpus-wave3-taulib-modules-yml,site_data_projection,released,assets/data/corpus-wave3/taulib-modules.yml,/assets/data/corpus-wave3/taulib-modules.yml
site-data-assets-data-corpus-wave3-taulib-projection-json,site_data_projection,released,assets/data/corpus-wave3/taulib-projection.json,/assets/data/corpus-wave3/taulib-projection.json
site-data-assets-data-corpus-wave3-taulib-projection-yml,site_data_projection,released,assets/data/corpus-wave3/taulib-projection.yml,/assets/data/corpus-wave3/taulib-projection.yml
site-data-assets-data-corpus-wave3-taulib-registry-links-json,site_data_projection,released,assets/data/corpus-wave3/taulib-registry-links.json,/assets/data/corpus-wave3/taulib-registry-links.json
site-data-assets-data-corpus-wave3-taulib-registry-links-yml,site_data_projection,released,assets/data/corpus-wave3/taulib-registry-links.yml,/assets/data/corpus-wave3/taulib-registry-links.yml
site-data-assets-data-falsifications-falsifications-csv,site_data_projection,released,assets/data/falsifications/falsifications.csv,/assets/data/falsifications/falsifications.csv
site-data-assets-data-falsifications-falsifications-json,site_data_projection,released,assets/data/falsifications/falsifications.json,/assets/data/falsifications/falsifications.json
site-data-assets-data-falsifications-falsifications-ndjson,site_data_projection,released,assets/data/falsifications/falsifications.ndjson,/assets/data/falsifications/falsifications.ndjson
site-data-assets-data-foundational-hinges-foundational-hinges-csv,site_data_projection,released,assets/data/foundational-hinges/foundational-hinges.csv,/assets/data/foundational-hinges/foundational-hinges.csv
site-data-assets-data-foundational-hinges-foundational-hinges-json,site_data_projection,released,assets/data/foundational-hinges/foundational-hinges.json,/assets/data/foundational-hinges/foundational-hinges.json
site-data-assets-data-foundational-hinges-foundational-hinges-ndjson,site_data_projection,released,assets/data/foundational-hinges/foundational-hinges.ndjson,/assets/data/foundational-hinges/foundational-hinges.ndjson
site-data-assets-data-monograph-projections-chapters-json,site_data_projection,released,assets/data/monograph-projections/chapters.json,/assets/data/monograph-projections/chapters.json
site-data-assets-data-monograph-projections-parts-json,site_data_projection,released,assets/data/monograph-projections/parts.json,/assets/data/monograph-projections/parts.json
site-data-assets-data-predictions-predictions-csv,site_data_projection,released,assets/data/predictions/predictions.csv,/assets/data/predictions/predictions.csv
site-data-assets-data-predictions-predictions-json,site_data_projection,released,assets/data/predictions/predictions.json,/assets/data/predictions/predictions.json
site-data-assets-data-predictions-predictions-ndjson,site_data_projection,released,assets/data/predictions/predictions.ndjson,/assets/data/predictions/predictions.ndjson
site-data-assets-data-publications-bibliography-summary-json,site_data_projection,released,assets/data/publications/bibliography-summary.json,/assets/data/publications/bibliography-summary.json
site-data-assets-data-publications-external-surfaces-json,site_data_projection,released,assets/data/publications/external-surfaces.json,/assets/data/publications/external-surfaces.json
site-data-assets-data-publications-latest-publications-csv,site_data_projection,released,assets/data/publications/latest-publications.csv,/assets/data/publications/latest-publications.csv
site-data-assets-data-publications-latest-publications-json,site_data_projection,released,assets/data/publications/latest-publications.json,/assets/data/publications/latest-publications.json
site-data-assets-data-publications-latest-publications-ndjson,site_data_projection,released,assets/data/publications/latest-publications.ndjson,/assets/data/publications/latest-publications.ndjson
site-data-assets-data-publications-people-json,site_data_projection,released,assets/data/publications/people.json,/assets/data/publications/people.json
site-data-assets-data-publications-publication-types-json,site_data_projection,released,assets/data/publications/publication-types.json,/assets/data/publications/publication-types.json
site-data-assets-data-publications-publications-csv,site_data_projection,released,assets/data/publications/publications.csv,/assets/data/publications/publications.csv
site-data-assets-data-publications-publications-json,site_data_projection,released,assets/data/publications/publications.json,/assets/data/publications/publications.json
site-data-assets-data-publications-publications-ndjson,site_data_projection,released,assets/data/publications/publications.ndjson,/assets/data/publications/publications.ndjson
site-data-assets-data-recovery-requirements-recovery-requirements-csv,site_data_projection,released,assets/data/recovery-requirements/recovery-requirements.csv,/assets/data/recovery-requirements/recovery-requirements.csv
site-data-assets-data-recovery-requirements-recovery-requirements-json,site_data_projection,released,assets/data/recovery-requirements/recovery-requirements.json,/assets/data/recovery-requirements/recovery-requirements.json
site-data-assets-data-recovery-requirements-recovery-requirements-ndjson,site_data_projection,released,assets/data/recovery-requirements/recovery-requirements.ndjson,/assets/data/recovery-requirements/recovery-requirements.ndjson
site-data-assets-data-registry-adjacency-json,site_data_projection,released,assets/data/registry/adjacency.json,/assets/data/registry/adjacency.json
site-data-assets-data-registry-objects-json,site_data_projection,released,assets/data/registry/objects.json,/assets/data/registry/objects.json
site-data-assets-data-registry-reverse-adjacency-json,site_data_projection,released,assets/data/registry/reverse-adjacency.json,/assets/data/registry/reverse-adjacency.json
site-data-assets-data-registry-noteworthy-results-registry-noteworthy-results-csv,site_data_projection,released,assets/data/registry-noteworthy-results/registry-noteworthy-results.csv,/assets/data/registry-noteworthy-results/registry-noteworthy-results.csv
site-data-assets-data-registry-noteworthy-results-registry-noteworthy-results-json,site_data_projection,released,assets/data/registry-noteworthy-results/registry-noteworthy-results.json,/assets/data/registry-noteworthy-results/registry-noteworthy-results.json
site-data-assets-data-registry-noteworthy-results-registry-noteworthy-results-ndjson,site_data_projection,released,assets/data/registry-noteworthy-results/registry-noteworthy-results.ndjson,/assets/data/registry-noteworthy-results/registry-noteworthy-results.ndjson
site-data-assets-data-results-results-csv,site_data_projection,released,assets/data/results/results.csv,/assets/data/results/results.csv
site-data-assets-data-results-results-json,site_data_projection,released,assets/data/results/results.json,/assets/data/results/results.json
site-data-assets-data-results-results-ndjson,site_data_projection,released,assets/data/results/results.ndjson,/assets/data/results/results.ndjson
site-data-assets-data-structural-challenges-index-json,site_data_projection,released,assets/data/structural-challenges/index.json,/assets/data/structural-challenges/index.json
site-data-assets-data-structural-challenges-manifest-life-json,site_data_projection,released,assets/data/structural-challenges/manifest/life.json,/assets/data/structural-challenges/manifest/life.json
site-data-assets-data-structural-challenges-manifest-mathematics-json,site_data_projection,released,assets/data/structural-challenges/manifest/mathematics.json,/assets/data/structural-challenges/manifest/mathematics.json
site-data-assets-data-structural-challenges-manifest-metaphysics-json,site_data_projection,released,assets/data/structural-challenges/manifest/metaphysics.json,/assets/data/structural-challenges/manifest/metaphysics.json
site-data-assets-data-structural-challenges-manifest-physics-json,site_data_projection,released,assets/data/structural-challenges/manifest/physics.json,/assets/data/structural-challenges/manifest/physics.json
site-data-assets-data-taulib-import-graph-json,site_data_projection,released,assets/data/taulib/import-graph.json,/assets/data/taulib/import-graph.json
site-data-assets-data-taulib-module-inventory-csv,site_data_projection,released,assets/data/taulib/module-inventory.csv,/assets/data/taulib/module-inventory.csv
site-data-assets-data-taulib-module-inventory-json,site_data_projection,released,assets/data/taulib/module-inventory.json,/assets/data/taulib/module-inventory.json
site-data-assets-data-taulib-module-inventory-ndjson,site_data_projection,released,assets/data/taulib/module-inventory.ndjson,/assets/data/taulib/module-inventory.ndjson
site-data-assets-data-taulib-registry-links-csv,site_data_projection,released,assets/data/taulib/registry-links.csv,/assets/data/taulib/registry-links.csv
site-data-assets-data-taulib-registry-links-json,site_data_projection,released,assets/data/taulib/registry-links.json,/assets/data/taulib/registry-links.json
site-data-assets-data-taulib-registry-links-ndjson,site_data_projection,released,assets/data/taulib/registry-links.ndjson,/assets/data/taulib/registry-links.ndjson
site-data-assets-data-taulib-summary-json,site_data_projection,released,assets/data/taulib/summary.json,/assets/data/taulib/summary.json
site-data-assets-data-taulib-projections-declarations-csv,site_data_projection,released,assets/data/taulib-projections/declarations.csv,/assets/data/taulib-projections/declarations.csv
site-data-assets-data-taulib-projections-declarations-json,site_data_projection,released,assets/data/taulib-projections/declarations.json,/assets/data/taulib-projections/declarations.json
site-data-assets-data-taulib-projections-declarations-ndjson,site_data_projection,released,assets/data/taulib-projections/declarations.ndjson,/assets/data/taulib-projections/declarations.ndjson
site-data-assets-data-taulib-projections-import-graph-json,site_data_projection,released,assets/data/taulib-projections/import-graph.json,/assets/data/taulib-projections/import-graph.json
site-data-assets-data-taulib-projections-modules-csv,site_data_projection,released,assets/data/taulib-projections/modules.csv,/assets/data/taulib-projections/modules.csv
site-data-assets-data-taulib-projections-modules-json,site_data_projection,released,assets/data/taulib-projections/modules.json,/assets/data/taulib-projections/modules.json
site-data-assets-data-taulib-projections-modules-ndjson,site_data_projection,released,assets/data/taulib-projections/modules.ndjson,/assets/data/taulib-projections/modules.ndjson
site-data-assets-data-taulib-projections-summary-json,site_data_projection,released,assets/data/taulib-projections/summary.json,/assets/data/taulib-projections/summary.json
